name,date_of_birth,phone,address,credit_card,email
Valid Contact AB,1980-01-01,(+57) 320 432 05 09,1st Avenue 123,371449635398431,john1@example.com
Valid Contact AC,1980-01-01,(+57) 320 432 05 09,1st Avenue 123,371449635398431,john2@example.com
Valid Contact AD,1980-01-01,(+57) 320 432 05 09,1st Avenue 123,371449635398431,john3@example.com
Valid Contact AF,1980-01-01,(+57) 320 432 05 09,1st Avenue 123,371449635398431,john4@example.com
Valid Contact AG,1980-01-01,(+57) 320 432 05 09,1st Avenue 123,371449635398431,john5@example.com
Valid Contact AH,1980-01-01,(+57) 320 432 05 09,1st Avenue 123,371449635398431,john6@example.com
Valid Contact AI,1980-01-01,(+57) 320 432 05 09,1st Avenue 123,371449635398431,john7@example.com
Valid Contact AJ,1980-01-01,(+57) 320 432 05 09,1st Avenue 123,371449635398431,john8@example.com
Valid Contact AK,1980-01-01,(+57) 320 432 05 09,1st Avenue 123,371449635398431,john9@example.com
Valid Contact BA,1980-01-01,(+57) 320 432 05 09,1st Avenue 123,371449635398431,john10@example.com
Valid Contact BB,1980-01-01,(+57) 320 432 05 09,1st Avenue 123,371449635398431,john11@example.com
Valid Contact BC,1980-01-01,(+57) 320 432 05 09,1st Avenue 123,371449635398431,john12@example.com
Valid Contact BD,1980-01-01,(+57) 320 432 05 09,1st Avenue 123,371449635398431,john13@example.com
Valid Contact BF,1980-01-01,(+57) 320 432 05 09,1st Avenue 123,371449635398431,john14@example.com
Valid Contact BG,1980-01-01,(+57) 320 432 05 09,1st Avenue 123,371449635398431,john15@example.com
Valid Contact BH,1980-01-01,(+57) 320 432 05 09,1st Avenue 123,371449635398431,john16@example.com
Valid Contact BI,1980-01-01,(+57) 320 432 05 09,1st Avenue 123,371449635398431,john17@example.com
Valid Contact BJ,1980-01-01,(+57) 320 432 05 09,1st Avenue 123,371449635398431,john18@example.com
Valid Contact BK,1980-01-01,(+57) 320 432 05 09,1st Avenue 123,371449635398431,john19@example.com
Valid Contact CA,1980-01-01,(+57) 320 432 05 09,1st Avenue 123,371449635398431,john20@example.com
Valid Contact CB,1980-01-01,(+57) 320 432 05 09,1st Avenue 123,371449635398431,john21@example.com
Valid Contact CC,1980-01-01,(+57) 320 432 05 09,1st Avenue 123,371449635398431,john22@example.com
Valid Contact CD,1980-01-01,(+57) 320 432 05 09,1st Avenue 123,371449635398431,john23@example.com
Valid Contact CF,1980-01-01,(+57) 320 432 05 09,1st Avenue 123,371449635398431,john24@example.com
Valid Contact CG,1980-01-01,(+57) 320 432 05 09,1st Avenue 123,371449635398431,john25@example.com
Valid Contact CH,1980-01-01,(+57) 320 432 05 09,1st Avenue 123,371449635398431,john26@example.com
Valid Contact CI,1980-01-01,(+57) 320 432 05 09,1st Avenue 123,371449635398431,john27@example.com
Valid Contact CJ,1980-01-01,(+57) 320 432 05 09,1st Avenue 123,371449635398431,john28@example.com
Valid Contact CK,1980-01-01,(+57) 320 432 05 09,1st Avenue 123,371449635398431,john29@example.com
Valid Contact DA,1980-01-01,(+57) 320 432 05 09,1st Avenue 123,371449635398431,john30@example.com
Valid Contact DB,1980-01-01,(+57) 320 432 05 09,1st Avenue 123,371449635398431,john31@example.com
Valid Contact DC,1980-01-01,(+57) 320 432 05 09,1st Avenue 123,371449635398431,john32@example.com
Valid Contact DD,1980-01-01,(+57) 320 432 05 09,1st Avenue 123,371449635398431,john33@example.com
Valid Contact DF,1980-01-01,(+57) 320 432 05 09,1st Avenue 123,371449635398431,john34@example.com
Valid Contact DG,1980-01-01,(+57) 320 432 05 09,1st Avenue 123,371449635398431,john35@example.com
Valid Contact DH,1980-01-01,(+57) 320 432 05 09,1st Avenue 123,371449635398431,john36@example.com
Valid Contact DI,1980-01-01,(+57) 320 432 05 09,1st Avenue 123,371449635398431,john37@example.com
Valid Contact DJ,1980-01-01,(+57) 320 432 05 09,1st Avenue 123,371449635398431,john38@example.com
Valid Contact DK,1980-01-01,(+57) 320 432 05 09,1st Avenue 123,371449635398431,john39@example.com
Valid Contact EA,1980-01-01,(+57) 320 432 05 09,1st Avenue 123,371449635398431,john40@example.com
Valid Contact EB,1980-01-01,(+57) 320 432 05 09,1st Avenue 123,371449635398431,john41@example.com
Valid Contact EC,1980-01-01,(+57) 320 432 05 09,1st Avenue 123,371449635398431,john42@example.com
Valid Contact ED,1980-01-01,(+57) 320 432 05 09,1st Avenue 123,371449635398431,john43@example.com
Valid Contact EF,1980-01-01,(+57) 320 432 05 09,1st Avenue 123,371449635398431,john44@example.com
Valid Contact EG,1980-01-01,(+57) 320 432 05 09,1st Avenue 123,371449635398431,john45@example.com
Valid Contact EH,1980-01-01,(+57) 320 432 05 09,1st Avenue 123,371449635398431,john46@example.com
Valid Contact EI,1980-01-01,(+57) 320 432 05 09,1st Avenue 123,371449635398431,john47@example.com
Valid Contact EJ,1980-01-01,(+57) 320 432 05 09,1st Avenue 123,371449635398431,john48@example.com
Valid Contact EK,1980-01-01,(+57) 320 432 05 09,1st Avenue 123,371449635398431,john49@example.com
Valid Contact FA,1980-01-01,(+57) 320 432 05 09,1st Avenue 123,371449635398431,john50@example.com
Valid Contact FB,1980-01-01,(+57) 320 432 05 09,1st Avenue 123,371449635398431,john51@example.com
Valid Contact FC,1980-01-01,(+57) 320 432 05 09,1st Avenue 123,371449635398431,john52@example.com
Valid Contact FD,1980-01-01,(+57) 320 432 05 09,1st Avenue 123,371449635398431,john53@example.com
Valid Contact FF,1980-01-01,(+57) 320 432 05 09,1st Avenue 123,371449635398431,john54@example.com
Valid Contact FG,1980-01-01,(+57) 320 432 05 09,1st Avenue 123,371449635398431,john55@example.com
Valid Contact FH,1980-01-01,(+57) 320 432 05 09,1st Avenue 123,371449635398431,john56@example.com
Valid Contact FI,1980-01-01,(+57) 320 432 05 09,1st Avenue 123,371449635398431,john57@example.com
Valid Contact FJ,1980-01-01,(+57) 320 432 05 09,1st Avenue 123,371449635398431,john58@example.com
Valid Contact FK,1980-01-01,(+57) 320 432 05 09,1st Avenue 123,371449635398431,john59@example.com
